"Country","Year","Exist_BC","Exist_CC","Method","Program_Type","Coverage","Exist_HPV"
"Afghanistan",2015,"No","No","Not applicable","Not applicable","Not applicable","No"
"Afghanistan",2017,"No","No","Not applicable","Not applicable","Not applicable","No"
"Afghanistan",2019,"No","No","Not applicable","Not applicable","Not applicable","No"
"Albania",2015,"Yes","No","Not applicable","Not applicable","Not applicable","No"
"Albania",2017,"Yes","Yes","HPV test","Opportunistic screening","10 to 50","No"
"Albania",2019,"Yes","Yes","HPV test","Organized population-based screening","10 to 50","No"
"Algeria",2015,"Yes","Yes","PAP smear","Opportunistic screening","Less than 10","No"
"Algeria",2017,"Yes","Yes","PAP smear","Organized population-based screening","10 to 50","No"
"Algeria",2019,"Yes","No","Not applicable","Not applicable","Not applicable","No"
"Andorra",2015,"Yes","No","Not applicable","Not applicable","Not applicable","Yes"
"Andorra",2017,"Yes","No","Not applicable","Not applicable","Not applicable","Yes"
"Andorra",2019,"Yes","No","Not applicable","Not applicable","Not applicable","Yes"
"Angola",2015,"Yes","Yes","PAP smear","Organized population-based screening","10 to 50","Yes"
"Angola",2017,"Yes","Yes","Visual inspection","Opportunistic screening","Less than 10","Yes"
"Angola",2019,"No","No","Not applicable","Not applicable","Not applicable","No"
"Antigua and Barbuda",2015,"Yes","Yes","PAP smear","Opportunistic screening","Don't know","No"
"Antigua and Barbuda",2017,"No","No","Not applicable","Not applicable","Not applicable","No"
"Antigua and Barbuda",2019,"No","No","Not applicable","Not applicable","Not applicable","No"
"Argentina",2015,"Yes","Yes","PAP smear","Opportunistic screening","Don't know","Yes"
"Argentina",2017,"Yes","Yes","HPV test","Organized population-based screening","Don't know","Yes"
"Argentina",2019,"Yes","Yes","HPV test","Organized population-based screening","Don't know","Yes"
"Armenia",2015,"Yes","Yes","PAP smear","Organized population-based screening","10 to 50","No"
"Armenia",2017,"Yes","Yes","PAP smear","Organized population-based screening","10 to 50","No"
"Armenia",2019,"Yes","Yes","PAP smear","Organized population-based screening","10 to 50","Yes"
"Australia",2015,"Yes","Yes","PAP smear","Organized population-based screening","more than 50 but less than 70","Yes"
"Australia",2017,"Yes","Yes","PAP smear","Organized population-based screening","more than 50 but less than 70","Yes"
"Australia",2019,"Yes","Yes","HPV test","Organized population-based screening","more than 50 but less than 70","Yes"
"Austria",2015,"Yes","Yes","PAP smear","Opportunistic screening","Don't know","Yes"
"Austria",2017,"Yes","Yes","PAP smear","Opportunistic screening","Don't know","Yes"
"Austria",2019,"Yes","Yes","PAP smear","Opportunistic screening","Don't know","Yes"
"Azerbaijan",2015,"No","No","Not applicable","Not applicable","Not applicable","No"
"Azerbaijan",2017,"No","No","Not applicable","Not applicable","Not applicable","No"
"Azerbaijan",2019,"No","No","Not applicable","Not applicable","Not applicable","No"
"Bahamas",2015,"Yes","Yes","PAP smear","Opportunistic screening","Don't know","Yes"
"Bahamas",2017,"No","No","Not applicable","Not applicable","Not applicable","Yes"
"Bahamas",2019,"No","No","Not applicable","Not applicable","Not applicable","Yes"
"Bahrain",2015,"Yes","Yes","PAP smear","Organized population-based screening","Don't know","No"
"Bahrain",2017,"Yes","Yes","PAP smear","Organized population-based screening","No response","No"
"Bahrain",2019,"Yes","Yes","PAP smear","Opportunistic screening","Less than 10","No"
"Bangladesh",2015,"No","Yes","No response","Opportunistic screening","Don't know","Yes"
"Bangladesh",2017,"Yes","Yes","Visual inspection","Opportunistic screening","Don't know","Yes"
"Bangladesh",2019,"Yes","Yes","Visual inspection","Opportunistic screening","Less than 10","No"
"Barbados",2015,"No","No","Not applicable","Not applicable","Not applicable","Yes"
"Barbados",2017,"No","No","Not applicable","Not applicable","Not applicable","Yes"
"Barbados",2019,"No","No","Not applicable","Not applicable","Not applicable","Yes"
"Belarus",2015,"No","No","Not applicable","Not applicable","Not applicable","No"
"Belarus",2017,"Yes","Yes","Visual inspection","Organized population-based screening","more than 50 but less than 70","No"
"Belarus",2019,"Yes","Yes","Visual inspection","Organized population-based screening","more than 50 but less than 70","No"
"Belgium",2015,"Yes","Yes","PAP smear","Organized population-based screening","more than 50 but less than 70","Yes"
"Belgium",2017,"Yes","Yes","PAP smear","Organized population-based screening","more than 50 but less than 70","Yes"
"Belgium",2019,"Yes","Yes","PAP smear","Organized population-based screening","more than 50 but less than 70","Yes"
"Belize",2015,"Yes","Yes","PAP smear","Organized population-based screening","10 to 50","No"
"Belize",2017,"No","No","Not applicable","Not applicable","Not applicable","Yes"
"Belize",2019,"No","Yes","Visual inspection","Opportunistic screening","Less than 10","Yes"
"Benin",2015,"No","No","Not applicable","Not applicable","Not applicable","No"
"Benin",2017,"Yes","Yes","Visual inspection","Organized population-based screening","10 to 50","Yes"
"Benin",2019,"No","No","Not applicable","Not applicable","Not applicable","Yes"
"Bhutan",2015,"Yes","Yes","PAP smear","Opportunistic screening","more than 50 but less than 70","Yes"
"Bhutan",2017,"Yes","Yes","PAP smear","Opportunistic screening","more than 50 but less than 70","Yes"
"Bhutan",2019,"Yes","Yes","PAP smear","Opportunistic screening","more than 50 but less than 70","Yes"
"Bolivia (Plurinational State of)",2015,"Yes","Yes","PAP smear","Opportunistic screening","Don't know","No"
"Bolivia (Plurinational State of)",2017,"Yes","Yes","PAP smear","Organized population-based screening","10 to 50","Yes"
"Bolivia (Plurinational State of)",2019,"Don't know","Don't know","Not applicable","Not applicable","Not applicable","Yes"
"Bosnia and Herzegovina",2015,"Yes","Yes","Visual inspection","Organized population-based screening","10 to 50","No"
"Bosnia and Herzegovina",2017,"Yes","Yes","PAP smear","Organized population-based screening","Don't know","No"
"Bosnia and Herzegovina",2019,"Yes","Yes","PAP smear","Organized population-based screening","Don't know","No"
"Botswana",2015,"No data received","No data received","No data received","No data received","No data received","No data received"
"Botswana",2017,"No","Yes","PAP smear","Organized population-based screening","Don't know","Yes"
"Botswana",2019,"No","No","Not applicable","Not applicable","Not applicable","Yes"
"Brazil",2015,"Yes","Yes","PAP smear","Opportunistic screening","70 or more","Yes"
"Brazil",2017,"Yes","Yes","PAP smear","Opportunistic screening","70 or more","Yes"
"Brazil",2019,"Yes","Yes","PAP smear","Organized population-based screening","70 or more","Yes"
"Brunei Darussalam",2015,"Yes","Yes","PAP smear","Organized population-based screening","10 to 50","Yes"
"Brunei Darussalam",2017,"No","Yes","PAP smear","Organized population-based screening","more than 50 but less than 70","Yes"
"Brunei Darussalam",2019,"No","Yes","PAP smear","Organized population-based screening","more than 50 but less than 70","Yes"
"Bulgaria",2015,"No","No","Not applicable","Not applicable","Not applicable","Yes"
"Bulgaria",2017,"No","No","Not applicable","Not applicable","Not applicable","Yes"
"Bulgaria",2019,"Yes","Yes","PAP smear","Organized population-based screening","10 to 50","Yes"
"Burkina Faso",2015,"No","Yes","Visual inspection","Opportunistic screening","Less than 10","Yes"
"Burkina Faso",2017,"Yes","Yes","Visual inspection","Organized population-based screening","Less than 10","Yes"
"Burkina Faso",2019,"Yes","Yes","Visual inspection","Organized population-based screening","10 to 50","No"
"Burundi",2015,"No","No","Not applicable","Not applicable","Not applicable","No"
"Burundi",2017,"No","Yes","Visual inspection","Opportunistic screening","Don't know","Yes"
"Burundi",2019,"No","No","Not applicable","Not applicable","Not applicable","Yes"
"Cabo Verde",2015,"No data received","No data received","No data received","No data received","No data received","No data received"
"Cabo Verde",2017,"Yes","Yes","PAP smear","Opportunistic screening","10 to 50","No"
"Cabo Verde",2019,"No","No","Not applicable","Not applicable","Not applicable","No"
"Cambodia",2015,"Yes","Yes","Visual inspection","Organized population-based screening","Less than 10","No"
"Cambodia",2017,"No","No","Not applicable","Not applicable","Not applicable","Yes"
"Cambodia",2019,"No","Yes","Visual inspection","Organized population-based screening","10 to 50","Yes"
"Cameroon",2015,"No","Yes","No response","No response","No response","No"
"Cameroon",2017,"No","No","Not applicable","Not applicable","Not applicable","Yes"
"Cameroon",2019,"No","No","Not applicable","Not applicable","Not applicable","No"
"Canada",2015,"Yes","Yes","PAP smear","Opportunistic screening","70 or more","Yes"
"Canada",2017,"Yes","Yes","PAP smear","Opportunistic screening","70 or more","Yes"
"Canada",2019,"Yes","Yes","PAP smear","Organized population-based screening","70 or more","Yes"
"Central African Republic",2015,"No","Yes","PAP smear","Opportunistic screening","Less than 10","No"
"Central African Republic",2017,"Yes","Yes","PAP smear","Opportunistic screening","Less than 10","No"
"Central African Republic",2019,"No","No","Not applicable","Not applicable","Not applicable","No"
"Chad",2015,"Yes","Yes","No response","Opportunistic screening","Less than 10","No"
"Chad",2017,"No","No","Not applicable","Not applicable","Not applicable","No"
"Chad",2019,"No","No","Not applicable","Not applicable","Not applicable","No"
"Chile",2015,"Yes","Yes","PAP smear","Organized population-based screening","more than 50 but less than 70","Yes"
"Chile",2017,"Yes","Yes","PAP smear","Organized population-based screening","more than 50 but less than 70","Yes"
"Chile",2019,"Yes","Yes","PAP smear","Organized population-based screening","Don't know","Yes"
"China",2015,"Yes","Yes","PAP smear","Organized population-based screening","Don't know","No"
"China",2017,"Yes","Yes","PAP smear","Organized population-based screening","Less than 10","No"
"China",2019,"Yes","Yes","PAP smear","Organized population-based screening","10 to 50","No"
"Colombia",2015,"Yes","Yes","HPV test","Organized population-based screening","10 to 50","Yes"
"Colombia",2017,"Yes","Yes","PAP smear","Organized population-based screening","70 or more","Yes"
"Colombia",2019,"Yes","Yes","PAP smear","Organized population-based screening","more than 50 but less than 70","Yes"
"Comoros",2015,"No response","No response","No response","No response","No response","No"
"Comoros",2017,"Don't know","Don't know","Not applicable","Not applicable","Not applicable","No"
"Comoros",2019,"Don't know","Don't know","Not applicable","Not applicable","Not applicable","No"
"Congo",2015,"No","No","Not applicable","Not applicable","Not applicable","No"
"Congo",2017,"Yes","Yes","No response","Organized population-based screening","No response","Yes"
"Congo",2019,"No","No","Not applicable","Not applicable","Not applicable","No"
"Cook Islands",2015,"No data received","No data received","No data received","No data received","No data received","No data received"
"Cook Islands",2017,"Yes","Yes","PAP smear","Organized population-based screening","10 to 50","Yes"
"Cook Islands",2019,"Yes","Yes","PAP smear","Organized population-based screening","Less than 10","Yes"
"Costa Rica",2015,"Yes","Yes","PAP smear","Opportunistic screening","Don't know","No"
"Costa Rica",2017,"Yes","Yes","HPV test","Organized population-based screening","more than 50 but less than 70","No"
"Costa Rica",2019,"Yes","Yes","PAP smear","Organized population-based screening","Don't know","Yes"
"Côte d'Ivoire",2015,"No data received","No data received","No data received","No data received","No data received","No data received"
"Côte d'Ivoire",2017,"Yes","Yes","No response","Opportunistic screening","Less than 10","No"
"Côte d'Ivoire",2019,"No","Yes","Visual inspection","Opportunistic screening","10 to 50","No"
"Croatia",2015,"Yes","Yes","PAP smear","Organized population-based screening","10 to 50","Yes"
"Croatia",2017,"Yes","Yes","PAP smear","Organized population-based screening","10 to 50","Yes"
"Croatia",2019,"Yes","Yes","PAP smear","Organized population-based screening","10 to 50","Yes"
"Cuba",2015,"Yes","Yes","PAP smear","Organized population-based screening","70 or more","No"
"Cuba",2017,"Yes","Yes","PAP smear","Organized population-based screening","70 or more","No"
"Cuba",2019,"Yes","Yes","PAP smear","Organized population-based screening","70 or more","No"
"Cyprus",2015,"Yes","Yes","PAP smear","Opportunistic screening","10 to 50","No"
"Cyprus",2017,"Yes","Yes","PAP smear","Opportunistic screening","more than 50 but less than 70","Yes"
"Cyprus",2019,"Yes","Yes","PAP smear","Opportunistic screening","70 or more","Yes"
"Czechia",2015,"Yes","Yes","PAP smear","Organized population-based screening","more than 50 but less than 70","No"
"Czechia",2017,"Yes","Yes","PAP smear","Organized population-based screening","more than 50 but less than 70","Yes"
"Czechia",2019,"Yes","Yes","PAP smear","Organized population-based screening","more than 50 but less than 70","Yes"
"Democratic People's Republic of Korea",2015,"Yes","Yes","Visual inspection","Organized population-based screening","70 or more","Don't know"
"Democratic People's Republic of Korea",2017,"Yes","Yes","Visual inspection","Organized population-based screening","No response","Don't know"
"Democratic People's Republic of Korea",2019,"Yes","Yes","Visual inspection","Organized population-based screening","70 or more","No"
"Democratic Republic of the Congo",2015,"No data received","No data received","No data received","No data received","No data received","No data received"
"Democratic Republic of the Congo",2017,"Yes","Yes","Visual inspection","Opportunistic screening","Less than 10","No"
"Democratic Republic of the Congo",2019,"No response","No response","Not applicable","Not applicable","Not applicable","No response"
"Denmark",2015,"Yes","Yes","HPV test","Organized population-based screening","more than 50 but less than 70","Yes"
"Denmark",2017,"Yes","Yes","HPV test","Organized population-based screening","10 to 50","Yes"
"Denmark",2019,"Yes","Yes","PAP smear","Organized population-based screening","more than 50 but less than 70","Yes"
"Djibouti",2015,"No data received","No data received","No data received","No data received","No data received","No data received"
"Djibouti",2017,"Yes","Yes","PAP smear","Organized population-based screening","10 to 50","No"
"Djibouti",2019,"Yes","Yes","PAP smear","Organized population-based screening","10 to 50","No"
"Dominica",2015,"Yes","Yes","PAP smear","Opportunistic screening","more than 50 but less than 70","No"
"Dominica",2017,"Yes","Yes","PAP smear","Opportunistic screening","more than 50 but less than 70","No"
"Dominica",2019,"No","Yes","PAP smear","Opportunistic screening","more than 50 but less than 70","No"
"Dominican Republic",2015,"Yes","Yes","PAP smear","Organized population-based screening","more than 50 but less than 70","No"
"Dominican Republic",2017,"Yes","Yes","PAP smear","Organized population-based screening","more than 50 but less than 70","Yes"
"Dominican Republic",2019,"Yes","Yes","PAP smear","Opportunistic screening","70 or more","Yes"
"Ecuador",2015,"Yes","Yes","PAP smear","Organized population-based screening","70 or more","Yes"
"Ecuador",2017,"Yes","Yes","PAP smear","Organized population-based screening","10 to 50","Yes"
"Ecuador",2019,"Yes","Yes","PAP smear","Organized population-based screening","Less than 10","Yes"
"Egypt",2015,"Yes","No","Not applicable","Not applicable","Not applicable","No"
"Egypt",2017,"Yes","No","Not applicable","Not applicable","Not applicable","No"
"Egypt",2019,"Yes","No","Not applicable","Not applicable","Not applicable","No"
"El Salvador",2015,"Yes","Yes","PAP smear","Organized population-based screening","10 to 50","No"
"El Salvador",2017,"Yes","Yes","PAP smear","Organized population-based screening","10 to 50","No"
"El Salvador",2019,"Yes","Yes","PAP smear","Organized population-based screening","10 to 50","No"
"Equatorial Guinea",2015,"No data received","No data received","No data received","No data received","No data received","No data received"
"Equatorial Guinea",2017,"No","Yes","PAP smear","Don't know","Don't know","No"
"Equatorial Guinea",2019,"No","No","Not applicable","Not applicable","Not applicable","No"
"Eritrea",2015,"Yes","Yes","Visual inspection","Opportunistic screening","Less than 10","No"
"Eritrea",2017,"Yes","Yes","Visual inspection","Opportunistic screening","Less than 10","No"
"Eritrea",2019,"No","No","Not applicable","Not applicable","Not applicable","No"
"Estonia",2015,"Yes","Yes","PAP smear","Organized population-based screening","10 to 50","No"
"Estonia",2017,"Yes","Yes","PAP smear","Organized population-based screening","10 to 50","Yes"
"Estonia",2019,"Yes","Yes","PAP smear","Organized population-based screening","more than 50 but less than 70","Yes"
"Eswatini",2015,"Yes","Yes","Visual inspection","Organized population-based screening","10 to 50","No"
"Eswatini",2017,"Yes","Yes","Visual inspection","Organized population-based screening","10 to 50","No"
"Eswatini",2019,"No","No","Not applicable","Not applicable","Not applicable","No"
"Ethiopia",2015,"No","Yes","Visual inspection","Opportunistic screening","Less than 10","No"
"Ethiopia",2017,"No","Yes","Visual inspection","Opportunistic screening","Less than 10","Yes"
"Ethiopia",2019,"Yes","Yes","Visual inspection","Opportunistic screening","Less than 10","Yes"
"Fiji",2015,"No","Yes","PAP smear","Opportunistic screening","10 to 50","Yes"
"Fiji",2017,"No","Yes","Visual inspection","Organized population-based screening","10 to 50","Yes"
"Fiji",2019,"No","Yes","PAP smear","Organized population-based screening","10 to 50","Yes"
"Finland",2015,"Yes","Yes","PAP smear","Organized population-based screening","70 or more","Yes"
"Finland",2017,"Yes","Yes","PAP smear","Organized population-based screening","70 or more","Yes"
"Finland",2019,"Yes","Yes","PAP smear","Organized population-based screening","70 or more","Yes"
"France",2015,"Yes","Yes","PAP smear","Opportunistic screening","more than 50 but less than 70","Yes"
"France",2017,"Yes","Yes","PAP smear","Organized population-based screening","10 to 50","Yes"
"France",2019,"Yes","Yes","PAP smear","Organized population-based screening","more than 50 but less than 70","Yes"
"Gabon",2015,"No data received","No data received","No data received","No data received","No data received","No data received"
"Gabon",2017,"Yes","Yes","PAP smear","Organized population-based screening","Don't know","No"
"Gabon",2019,"No","No","Not applicable","Not applicable","Not applicable","No"
"Gambia",2015,"Yes","Yes","PAP smear","Opportunistic screening","Don't know","Yes"
"Gambia",2017,"No response","No response","Not applicable","Not applicable","Not applicable","No response"
"Gambia",2019,"No","No","Not applicable","Not applicable","Not applicable","Yes"
"Georgia",2015,"Yes","Yes","PAP smear","Opportunistic screening","Less than 10","No"
"Georgia",2017,"Yes","Yes","PAP smear","Organized population-based screening","10 to 50","Yes"
"Georgia",2019,"Yes","Yes","PAP smear","Organized population-based screening","10 to 50","No"
"Germany",2015,"Yes","Yes","PAP smear","Organized population-based screening","70 or more","Yes"
"Germany",2017,"Yes","Yes","HPV test","Opportunistic screening","No response","Yes"
"Germany",2019,"Yes","Yes","PAP smear","Opportunistic screening","70 or more","Yes"
"Ghana",2015,"Yes","Yes","Visual inspection","Opportunistic screening","Less than 10","No"
"Ghana",2017,"Yes","Yes","Visual inspection","Opportunistic screening","Less than 10","No"
"Ghana",2019,"No","No","Not applicable","Not applicable","Not applicable","No"
"Greece",2015,"Yes","Yes","PAP smear","Opportunistic screening","Don't know","Yes"
"Greece",2017,"Yes","Yes","PAP smear","Opportunistic screening","Don't know","Yes"
"Greece",2019,"Yes","Yes","PAP smear","Opportunistic screening","Don't know","Yes"
"Grenada",2015,"Yes","Yes","PAP smear","Organized population-based screening","70 or more","No"
"Grenada",2017,"No","No","Not applicable","Not applicable","Not applicable","No"
"Grenada",2019,"No","No","Not applicable","Not applicable","Not applicable","Yes"
"Guatemala",2015,"Yes","Yes","Visual inspection","Organized population-based screening","10 to 50","No"
"Guatemala",2017,"Yes","Yes","PAP smear","Opportunistic screening","10 to 50","No"
"Guatemala",2019,"Yes","Yes","PAP smear","Opportunistic screening","10 to 50","Yes"
"Guinea",2015,"Yes","Yes","No response","Organized population-based screening","Less than 10","No"
"Guinea",2017,"Yes","Yes","Visual inspection","Opportunistic screening","Less than 10","No"
"Guinea",2019,"Yes","Yes","Visual inspection","Opportunistic screening","Less than 10","No"
"Guinea-Bissau",2015,"No data received","No data received","No data received","No data received","No data received","No data received"
"Guinea-Bissau",2017,"No","No","Not applicable","Not applicable","Not applicable","No"
"Guinea-Bissau",2019,"No","No","Not applicable","Not applicable","Not applicable","No"
"Guyana",2015,"No","Yes","Visual inspection","Organized population-based screening","10 to 50","Yes"
"Guyana",2017,"Yes","Yes","Visual inspection","Organized population-based screening","10 to 50","Yes"
"Guyana",2019,"No","Yes","Visual inspection","Organized population-based screening","10 to 50","Yes"
"Haiti",2015,"No","No","Not applicable","Not applicable","Not applicable","No"
"Haiti",2017,"Yes","Yes","PAP smear","Opportunistic screening","Don't know","No"
"Haiti",2019,"Yes","Yes","HPV test","Opportunistic screening","Don't know","Don't know"
"Honduras",2015,"Yes","Yes","PAP smear","Opportunistic screening","10 to 50","Yes"
"Honduras",2017,"No","No","Not applicable","Not applicable","Not applicable","Yes"
"Honduras",2019,"No","No","Not applicable","Not applicable","Not applicable","Yes"
"Hungary",2015,"Yes","Yes","PAP smear","Organized population-based screening","Less than 10","Yes"
"Hungary",2017,"Yes","Yes","HPV test","Organized population-based screening","10 to 50","Yes"
"Hungary",2019,"Yes","Yes","PAP smear","Organized population-based screening","10 to 50","Yes"
"Iceland",2015,"Yes","Yes","PAP smear","Organized population-based screening","70 or more","Yes"
"Iceland",2017,"Yes","Yes","PAP smear","Organized population-based screening","70 or more","Yes"
"Iceland",2019,"Yes","Yes","PAP smear","Organized population-based screening","more than 50 but less than 70","Yes"
"India",2015,"Yes","Yes","Visual inspection","Opportunistic screening","Less than 10","No"
"India",2017,"Yes","Yes","Visual inspection","Organized population-based screening","70 or more","No"
"India",2019,"Yes","Yes","Visual inspection","Organized population-based screening","70 or more","No"
"Indonesia",2015,"Yes","Yes","Visual inspection","Organized population-based screening","Less than 10","No"
"Indonesia",2017,"Yes","Yes","Visual inspection","Organized population-based screening","10 to 50","Yes"
"Indonesia",2019,"Yes","Yes","Visual inspection","Organized population-based screening","Less than 10","Yes"
"Iran (Islamic Republic of)",2015,"Yes","Yes","PAP smear","Opportunistic screening","10 to 50","No"
"Iran (Islamic Republic of)",2017,"Yes","Yes","HPV test","Organized population-based screening","Less than 10","No"
"Iran (Islamic Republic of)",2019,"Yes","Yes","HPV test","Organized population-based screening","Less than 10","No"
"Iraq",2015,"Yes","No","Not applicable","Not applicable","Not applicable","No"
"Iraq",2017,"Yes","Yes","Visual inspection","Opportunistic screening","Don't know","No"
"Iraq",2019,"Yes","No","Not applicable","Not applicable","Not applicable","No"
"Ireland",2015,"Yes","Yes","PAP smear","Organized population-based screening","70 or more","Yes"
"Ireland",2017,"Yes","Yes","PAP smear","Organized population-based screening","70 or more","Yes"
"Ireland",2019,"Yes","Yes","PAP smear","Organized population-based screening","70 or more","Yes"
"Israel",2015,"Yes","Yes","PAP smear","Opportunistic screening","10 to 50","Yes"
"Israel",2017,"Yes","Yes","PAP smear","Opportunistic screening","10 to 50","Yes"
"Israel",2019,"Yes","Yes","PAP smear","Opportunistic screening","10 to 50","Yes"
"Italy",2015,"Yes","Yes","PAP smear","Organized population-based screening","10 to 50","Yes"
"Italy",2017,"Yes","Yes","PAP smear","Organized population-based screening","70 or more","Yes"
"Italy",2019,"Yes","Yes","PAP smear","Organized population-based screening","70 or more","Yes"
"Jamaica",2015,"Yes","Yes","PAP smear","Organized population-based screening","10 to 50","No"
"Jamaica",2017,"Yes","Yes","PAP smear","Organized population-based screening","10 to 50","No"
"Jamaica",2019,"No","No","Not applicable","Not applicable","Not applicable","Yes"
"Japan",2015,"Yes","Yes","PAP smear","Organized population-based screening","10 to 50","Yes"
"Japan",2017,"Yes","Yes","PAP smear","Organized population-based screening","10 to 50","Yes"
"Japan",2019,"Yes","Yes","PAP smear","Organized population-based screening","10 to 50","Yes"
"Jordan",2015,"Yes","No","Not applicable","Not applicable","Not applicable","No"
"Jordan",2017,"Yes","No","Not applicable","Not applicable","Not applicable","No"
"Jordan",2019,"Yes","No","Not applicable","Not applicable","Not applicable","No"
"Kazakhstan",2015,"Yes","Yes","PAP smear","Organized population-based screening","70 or more","Yes"
"Kazakhstan",2017,"Yes","Yes","PAP smear","Organized population-based screening","more than 50 but less than 70","No"
"Kazakhstan",2019,"Yes","Yes","PAP smear","Organized population-based screening","70 or more","No"
"Kenya",2015,"No","Yes","Visual inspection","Opportunistic screening","10 to 50","Yes"
"Kenya",2017,"Yes","Yes","Visual inspection","Organized population-based screening","10 to 50","No"
"Kenya",2019,"Yes","Yes","HPV test","Opportunistic screening","10 to 50","Yes"
"Kiribati",2015,"No response","No response","No response","No response","No response","Yes"
"Kiribati",2017,"No","No","Not applicable","Not applicable","Not applicable","No"
"Kiribati",2019,"Yes","Yes","PAP smear","Opportunistic screening","10 to 50","No"
"Kuwait",2015,"Yes","No","Not applicable","Not applicable","Not applicable","No"
"Kuwait",2017,"Yes","No","Not applicable","Not applicable","Not applicable","No"
"Kuwait",2019,"Yes","No","Not applicable","Not applicable","Not applicable","No"
"Kyrgyzstan",2015,"Yes","Yes","Visual inspection","Opportunistic screening","10 to 50","No"
"Kyrgyzstan",2017,"Yes","Yes","PAP smear","Opportunistic screening","more than 50 but less than 70","No"
"Kyrgyzstan",2019,"Yes","No","Not applicable","Not applicable","Not applicable","No"
"Lao People's Democratic Republic",2015,"No","No","Not applicable","Not applicable","Not applicable","Yes"
"Lao People's Democratic Republic",2017,"No","No","Not applicable","Not applicable","Not applicable","No"
"Lao People's Democratic Republic",2019,"Yes","Yes","PAP smear","Opportunistic screening","Don't know","Yes"
"Latvia",2015,"Yes","Yes","PAP smear","Organized population-based screening","10 to 50","Yes"
"Latvia",2017,"Yes","Yes","PAP smear","Organized population-based screening","10 to 50","Yes"
"Latvia",2019,"Yes","Yes","PAP smear","Organized population-based screening","10 to 50","Yes"
"Lebanon",2015,"Yes","No","Not applicable","Not applicable","Not applicable","No"
"Lebanon",2017,"Yes","No","Not applicable","Not applicable","Not applicable","No"
"Lebanon",2019,"Yes","Yes","PAP smear","Opportunistic screening","more than 50 but less than 70","No"
"Lesotho",2015,"Yes","Yes","PAP smear","Opportunistic screening","10 to 50","Yes"
"Lesotho",2017,"No","Yes","Visual inspection","Opportunistic screening","10 to 50","Yes"
"Lesotho",2019,"No","No","Not applicable","Not applicable","Not applicable","No"
"Liberia",2015,"No data received","No data received","No data received","No data received","No data received","No data received"
"Liberia",2017,"No","No","Not applicable","Not applicable","Not applicable","Yes"
"Liberia",2019,"No","No","Not applicable","Not applicable","Not applicable","Yes"
"Libya",2015,"No","No","Not applicable","Not applicable","Not applicable","Yes"
"Libya",2017,"No","No","Not applicable","Not applicable","Not applicable","Yes"
"Libya",2019,"No","No","Not applicable","Not applicable","Not applicable","No"
"Lithuania",2015,"Yes","Yes","PAP smear","Opportunistic screening","10 to 50","Yes"
"Lithuania",2017,"Yes","Yes","PAP smear","Opportunistic screening","10 to 50","Yes"
"Lithuania",2019,"Yes","Yes","PAP smear","Opportunistic screening","10 to 50","Yes"
"Luxembourg",2015,"No data received","No data received","No data received","No data received","No data received","No data received"
"Luxembourg",2017,"Yes","No","Not applicable","Not applicable","Not applicable","Yes"
"Luxembourg",2019,"Yes","No","Not applicable","Not applicable","Not applicable","Yes"
"Madagascar",2015,"No","Yes","Visual inspection","Organized population-based screening","Less than 10","Yes"
"Madagascar",2017,"Yes","Yes","Visual inspection","Organized population-based screening","Less than 10","Yes"
"Madagascar",2019,"No","Yes","Visual inspection","Opportunistic screening","Less than 10","No"
"Malawi",2015,"Yes","Yes","PAP smear","Opportunistic screening","Less than 10","Yes"
"Malawi",2017,"No","Yes","HPV test","Opportunistic screening","10 to 50","Yes"
"Malawi",2019,"No","Yes","Visual inspection","Organized population-based screening","10 to 50","Yes"
"Malaysia",2015,"Yes","Yes","PAP smear","Opportunistic screening","10 to 50","Yes"
"Malaysia",2017,"Yes","Yes","PAP smear","Opportunistic screening","10 to 50","Yes"
"Malaysia",2019,"Yes","Yes","PAP smear","Opportunistic screening","10 to 50","Yes"
"Maldives",2015,"No","Yes","No response","No response","No response","No"
"Maldives",2017,"Yes","Yes","PAP smear","Opportunistic screening","Less than 10","No"
"Maldives",2019,"Yes","Yes","PAP smear","Organized population-based screening","10 to 50","No"
"Mali",2015,"Yes","Yes","Visual inspection","Organized population-based screening","Less than 10","Yes"
"Mali",2017,"Yes","Yes","HPV test","Organized population-based screening","Don't know","No"
"Mali",2019,"No","No","Not applicable","Not applicable","Not applicable","No"
"Malta",2015,"Yes","Yes","PAP smear","Opportunistic screening","Don't know","Yes"
"Malta",2017,"Yes","Yes","PAP smear","Opportunistic screening","Don't know","Yes"
"Malta",2019,"Yes","Yes","PAP smear","Organized population-based screening","Don't know","Yes"
"Marshall Islands",2015,"Yes","Yes","No response","Organized population-based screening","No response","Yes"
"Marshall Islands",2017,"No","No","Not applicable","Not applicable","Not applicable","Yes"
"Marshall Islands",2019,"Yes","Yes","PAP smear","Opportunistic screening","10 to 50","Yes"
"Mauritania",2015,"No","No","Not applicable","Not applicable","Not applicable","No"
"Mauritania",2017,"Yes","Yes","PAP smear","Opportunistic screening","Less than 10","No"
"Mauritania",2019,"No","No","Not applicable","Not applicable","Not applicable","No"
"Mauritius",2015,"No data received","No data received","No data received","No data received","No data received","No data received"
"Mauritius",2017,"Yes","Yes","PAP smear","Organized population-based screening","10 to 50","Yes"
"Mauritius",2019,"No","No","Not applicable","Not applicable","Not applicable","Yes"
"Mexico",2015,"Yes","Yes","PAP smear","Opportunistic screening","Don't know","Yes"
"Mexico",2017,"Yes","Yes","PAP smear","Opportunistic screening","Don't know","Yes"
"Mexico",2019,"Yes","Yes","PAP smear","Opportunistic screening","Don't know","Yes"
"Micronesia (Federated States of)",2015,"Yes","Yes","Visual inspection","Organized population-based screening","10 to 50","Yes"
"Micronesia (Federated States of)",2017,"Yes","Yes","Visual inspection","Organized population-based screening","10 to 50","Yes"
"Micronesia (Federated States of)",2019,"Yes","Yes","Visual inspection","Opportunistic screening","10 to 50","Yes"
"Monaco",2015,"Yes","Yes","No response","Organized population-based screening","70 or more","Yes"
"Monaco",2017,"Yes","Yes","PAP smear","Organized population-based screening","70 or more","Yes"
"Monaco",2019,"Yes","Yes","PAP smear","Organized population-based screening","No response","Yes"
"Mongolia",2015,"Yes","Yes","PAP smear","Organized population-based screening","10 to 50","No"
"Mongolia",2017,"Yes","Yes","PAP smear","Organized population-based screening","10 to 50","No"
"Mongolia",2019,"Yes","Yes","PAP smear","Organized population-based screening","10 to 50","No"
"Montenegro",2015,"Yes","Yes","PAP smear","Opportunistic screening","10 to 50","No"
"Montenegro",2017,"Yes","Yes","HPV test","Organized population-based screening","10 to 50","No"
"Montenegro",2019,"Yes","Yes","HPV test","Organized population-based screening","10 to 50","No"
"Morocco",2015,"Yes","Yes","No response","Organized population-based screening","Less than 10","No"
"Morocco",2017,"Yes","Yes","Visual inspection","Organized population-based screening","10 to 50","No"
"Morocco",2019,"Yes","Yes","Visual inspection","Organized population-based screening","Less than 10","No"
"Mozambique",2015,"Yes","Yes","Visual inspection","Organized population-based screening","10 to 50","Yes"
"Mozambique",2017,"Yes","Yes","Visual inspection","Opportunistic screening","10 to 50","Yes"
"Mozambique",2019,"Yes","Yes","Visual inspection","Opportunistic screening","more than 50 but less than 70","No"
"Myanmar",2015,"No","No","Not applicable","Not applicable","Not applicable","No"
"Myanmar",2017,"Yes","Yes","Visual inspection","Opportunistic screening","Less than 10","No"
"Myanmar",2019,"Yes","Yes","Visual inspection","Opportunistic screening","Less than 10","No"
"Namibia",2015,"No data received","No data received","No data received","No data received","No data received","No data received"
"Namibia",2017,"No","No","Not applicable","Not applicable","Not applicable","No"
"Namibia",2019,"No","No","Not applicable","Not applicable","Not applicable","No"
"Nauru",2015,"Yes","Yes","PAP smear","Opportunistic screening","Don't know","No"
"Nauru",2017,"No","No","Not applicable","Not applicable","Not applicable","No"
"Nauru",2019,"No","No","Not applicable","Not applicable","Not applicable","No"
"Nepal",2015,"No","No","Not applicable","Not applicable","Not applicable","No"
"Nepal",2017,"No","Yes","Visual inspection","Opportunistic screening","10 to 50","Yes"
"Nepal",2019,"No","Yes","Visual inspection","Organized population-based screening","10 to 50","No"
"Netherlands",2015,"Yes","Yes","PAP smear","Organized population-based screening","70 or more","Yes"
"Netherlands",2017,"Yes","Yes","HPV test","Organized population-based screening","more than 50 but less than 70","Yes"
"Netherlands",2019,"Yes","Yes","HPV test","Organized population-based screening","more than 50 but less than 70","Yes"
"New Zealand",2015,"Yes","Yes","PAP smear","Organized population-based screening","70 or more","Yes"
"New Zealand",2017,"Yes","Yes","PAP smear","Organized population-based screening","70 or more","Yes"
"New Zealand",2019,"Yes","Yes","HPV test","Organized population-based screening","70 or more","Yes"
"Nicaragua",2015,"Yes","Yes","PAP smear","Organized population-based screening","10 to 50","No"
"Nicaragua",2017,"No","No","Not applicable","Not applicable","Not applicable","No"
"Nicaragua",2019,"Yes","Yes","PAP smear","Organized population-based screening","10 to 50","No"
"Niger",2015,"No","No","Not applicable","Not applicable","Not applicable","No"
"Niger",2017,"No","No","Not applicable","Not applicable","Not applicable","No"
"Niger",2019,"No","No","Not applicable","Not applicable","Not applicable","No"
"Nigeria",2015,"Yes","Yes","Visual inspection","Opportunistic screening","Less than 10","Yes"
"Nigeria",2017,"Yes","Yes","PAP smear","Organized population-based screening","No response","Yes"
"Nigeria",2019,"No","No","Not applicable","Not applicable","Not applicable","No"
"Niue",2015,"No","Yes","PAP smear","No response","No response","No"
"Niue",2017,"No","No","Not applicable","Not applicable","Not applicable","No"
"Niue",2019,"No","Yes","PAP smear","Opportunistic screening","10 to 50","No"
"North Macedonia",2015,"Yes","Yes","PAP smear","Organized population-based screening","more than 50 but less than 70","Yes"
"North Macedonia",2017,"Yes","Yes","PAP smear","Organized population-based screening","more than 50 but less than 70","Yes"
"North Macedonia",2019,"Yes","Yes","PAP smear","Organized population-based screening","10 to 50","Yes"
"Norway",2015,"Yes","Yes","PAP smear","Organized population-based screening","70 or more","Yes"
"Norway",2017,"Yes","Yes","PAP smear","Organized population-based screening","more than 50 but less than 70","Yes"
"Norway",2019,"Yes","Yes","HPV test","Organized population-based screening","70 or more","Yes"
"Oman",2015,"Yes","No","Not applicable","Not applicable","Not applicable","No"
"Oman",2017,"Yes","No","Not applicable","Not applicable","Not applicable","No"
"Oman",2019,"Yes","No","Not applicable","Not applicable","Not applicable","No"
"Pakistan",2015,"No","No","Not applicable","Not applicable","Not applicable","No"
"Pakistan",2017,"Yes","No","Not applicable","Not applicable","Not applicable","No"
"Pakistan",2019,"No","No","Not applicable","Not applicable","Not applicable","No"
"Palau",2015,"Yes","Yes","PAP smear","Organized population-based screening","10 to 50","Yes"
"Palau",2017,"Yes","Yes","PAP smear","Organized population-based screening","more than 50 but less than 70","Yes"
"Palau",2019,"Yes","Yes","PAP smear","Organized population-based screening","more than 50 but less than 70","Yes"
"Panama",2015,"Yes","Yes","PAP smear","Organized population-based screening","10 to 50","Yes"
"Panama",2017,"Yes","Yes","PAP smear","Organized population-based screening","10 to 50","Yes"
"Panama",2019,"Yes","Yes","PAP smear","Opportunistic screening","10 to 50","Yes"
"Papua New Guinea",2015,"Yes","Yes","PAP smear","Opportunistic screening","10 to 50","No"
"Papua New Guinea",2017,"No","No","Not applicable","Not applicable","Not applicable","Yes"
"Papua New Guinea",2019,"No","No","Not applicable","Not applicable","Not applicable","No"
"Paraguay",2015,"Yes","Yes","PAP smear","Opportunistic screening","10 to 50","Yes"
"Paraguay",2017,"Yes","Yes","PAP smear","Opportunistic screening","10 to 50","Yes"
"Paraguay",2019,"No","Yes","PAP smear","Opportunistic screening","10 to 50","Yes"
"Peru",2015,"Yes","Yes","PAP smear","Organized population-based screening","Don't know","Yes"
"Peru",2017,"Yes","Yes","Visual inspection","Organized population-based screening","Less than 10","Yes"
"Peru",2019,"Yes","Yes","PAP smear","Organized population-based screening","10 to 50","Yes"
"Philippines",2015,"Yes","Yes","Visual inspection","Opportunistic screening","Don't know","Yes"
"Philippines",2017,"No","Yes","Visual inspection","Opportunistic screening","Less than 10","Yes"
"Philippines",2019,"Yes","Yes","Visual inspection","Opportunistic screening","Don't know","Yes"
"Poland",2015,"Yes","Yes","PAP smear","Organized population-based screening","10 to 50","No"
"Poland",2017,"Yes","Yes","PAP smear","Opportunistic screening","10 to 50","No"
"Poland",2019,"Yes","Yes","PAP smear","Opportunistic screening","10 to 50","No"
"Portugal",2015,"Yes","Yes","PAP smear","Organized population-based screening","more than 50 but less than 70","Yes"
"Portugal",2017,"Yes","Yes","PAP smear","Organized population-based screening","70 or more","Yes"
"Portugal",2019,"Yes","Yes","PAP smear","Organized population-based screening","70 or more","Yes"
"Qatar",2015,"Yes","Yes","PAP smear","Opportunistic screening","No response","No"
"Qatar",2017,"Yes","Yes","PAP smear","Opportunistic screening","Don't know","No"
"Qatar",2019,"Yes","Yes","PAP smear","Organized population-based screening","Less than 10","Yes"
"Republic of Korea",2015,"Yes","Yes","PAP smear","Organized population-based screening","10 to 50","No"
"Republic of Korea",2017,"Yes","Yes","PAP smear","Organized population-based screening","more than 50 but less than 70","Yes"
"Republic of Korea",2019,"Yes","Yes","PAP smear","Organized population-based screening","10 to 50","Yes"
"Republic of Moldova",2015,"Yes","Yes","Visual inspection","Organized population-based screening","70 or more","No"
"Republic of Moldova",2017,"Yes","Yes","PAP smear","Opportunistic screening","70 or more","No"
"Republic of Moldova",2019,"Yes","Yes","PAP smear","Opportunistic screening","70 or more","Yes"
"Romania",2015,"No","Yes","PAP smear","Organized population-based screening","10 to 50","Yes"
"Romania",2017,"Yes","Yes","PAP smear","Organized population-based screening","10 to 50","No"
"Romania",2019,"Yes","Yes","PAP smear","Organized population-based screening","10 to 50","Yes"
"Russian Federation",2015,"Yes","Yes","PAP smear","Organized population-based screening","10 to 50","No"
"Russian Federation",2017,"Yes","Yes","PAP smear","Organized population-based screening","more than 50 but less than 70","No"
"Russian Federation",2019,"Yes","Yes","PAP smear","Organized population-based screening","more than 50 but less than 70","No"
"Rwanda",2015,"Yes","Yes","Visual inspection","Organized population-based screening","10 to 50","Yes"
"Rwanda",2017,"Yes","Yes","Visual inspection","Opportunistic screening","Less than 10","Yes"
"Rwanda",2019,"No","No","Not applicable","Not applicable","Not applicable","Yes"
"Saint Kitts and Nevis",2015,"No","Yes","PAP smear","Opportunistic screening","10 to 50","No"
"Saint Kitts and Nevis",2017,"Yes","Yes","PAP smear","Opportunistic screening","10 to 50","No"
"Saint Kitts and Nevis",2019,"No","No","Not applicable","Not applicable","Not applicable","No"
"Saint Lucia",2015,"Yes","Yes","PAP smear","Organized population-based screening","Less than 10","No"
"Saint Lucia",2017,"Yes","Yes","PAP smear","Opportunistic screening","Don't know","No"
"Saint Lucia",2019,"No","No","Not applicable","Not applicable","Not applicable","Yes"
"Saint Vincent and the Grenadines",2015,"Yes","Yes","PAP smear","Opportunistic screening","more than 50 but less than 70","No"
"Saint Vincent and the Grenadines",2017,"No","No","Not applicable","Not applicable","Not applicable","Yes"
"Saint Vincent and the Grenadines",2019,"No","No","Not applicable","Not applicable","Not applicable","Yes"
"Samoa",2015,"No data received","No data received","No data received","No data received","No data received","No data received"
"Samoa",2017,"No","No","Not applicable","Not applicable","Not applicable","No"
"Samoa",2019,"No","No","Not applicable","Not applicable","Not applicable","No"
"San Marino",2015,"Yes","Yes","HPV test","Organized population-based screening","70 or more","Yes"
"San Marino",2017,"Yes","Yes","PAP smear","Organized population-based screening","70 or more","Yes"
"San Marino",2019,"Yes","Yes","HPV test","Organized population-based screening","70 or more","Yes"
"Sao Tome and Principe",2015,"No","Yes","HPV test","Organized population-based screening","10 to 50","Yes"
"Sao Tome and Principe",2017,"No","Yes","HPV test","Organized population-based screening","10 to 50","No"
"Sao Tome and Principe",2019,"No","No","Not applicable","Not applicable","Not applicable","Yes"
"Saudi Arabia",2015,"Yes","No","Not applicable","Not applicable","Not applicable","No"
"Saudi Arabia",2017,"Yes","No","Not applicable","Not applicable","Not applicable","No"
"Saudi Arabia",2019,"Yes","No","Not applicable","Not applicable","Not applicable","No"
"Senegal",2015,"No","No","Not applicable","Not applicable","Not applicable","Yes"
"Senegal",2017,"No","No","Not applicable","Not applicable","Not applicable","Yes"
"Senegal",2019,"Yes","Yes","Visual inspection","Opportunistic screening","10 to 50","Yes"
"Serbia",2015,"Yes","Yes","PAP smear","Organized population-based screening","10 to 50","No"
"Serbia",2017,"Yes","Yes","PAP smear","Organized population-based screening","10 to 50","Yes"
"Serbia",2019,"Yes","Yes","PAP smear","Organized population-based screening","10 to 50","No"
"Seychelles",2015,"Yes","Yes","PAP smear","Organized population-based screening","10 to 50","Yes"
"Seychelles",2017,"Yes","Yes","PAP smear","Organized population-based screening","70 or more","Yes"
"Seychelles",2019,"No","No","Not applicable","Not applicable","Not applicable","Yes"
"Sierra Leone",2015,"No","No","Not applicable","Not applicable","Not applicable","No"
"Sierra Leone",2017,"No","No","Not applicable","Not applicable","Not applicable","No"
"Sierra Leone",2019,"No","No","Not applicable","Not applicable","Not applicable","No"
"Singapore",2015,"Yes","Yes","PAP smear","Organized population-based screening","more than 50 but less than 70","Yes"
"Singapore",2017,"Yes","Yes","PAP smear","Organized population-based screening","more than 50 but less than 70","Yes"
"Singapore",2019,"Yes","Yes","HPV test","Organized population-based screening","more than 50 but less than 70","Yes"
"Slovakia",2015,"Yes","Yes","PAP smear","Opportunistic screening","10 to 50","No"
"Slovakia",2017,"Yes","Yes","PAP smear","Opportunistic screening","10 to 50","No"
"Slovakia",2019,"Yes","Yes","PAP smear","Opportunistic screening","10 to 50","Yes"
"Slovenia",2015,"Yes","Yes","PAP smear","Organized population-based screening","70 or more","Yes"
"Slovenia",2017,"Yes","Yes","PAP smear","Organized population-based screening","70 or more","Yes"
"Slovenia",2019,"Yes","Yes","PAP smear","Organized population-based screening","70 or more","Yes"
"Solomon Islands",2015,"No","No","Not applicable","Not applicable","Not applicable","Yes"
"Solomon Islands",2017,"No","No","Not applicable","Not applicable","Not applicable","Yes"
"Solomon Islands",2019,"No","Yes","Visual inspection","Opportunistic screening","10 to 50","Yes"
"Somalia",2015,"No","No","Not applicable","Not applicable","Not applicable","No"
"Somalia",2017,"No","No","Not applicable","Not applicable","Not applicable","No"
"Somalia",2019,"Yes","Yes","PAP smear","Don't know","Don't know","No"
"South Africa",2015,"Yes","Yes","PAP smear","Opportunistic screening","more than 50 but less than 70","Yes"
"South Africa",2017,"Yes","Yes","PAP smear","Opportunistic screening","more than 50 but less than 70","Yes"
"South Africa",2019,"Yes","Yes","PAP smear","Opportunistic screening","more than 50 but less than 70","Yes"
"South Sudan",2015,"No data received","No data received","No data received","No data received","No data received","No data received"
"South Sudan",2017,"No","No","Not applicable","Not applicable","Not applicable","No"
"South Sudan",2019,"No","No","Not applicable","Not applicable","Not applicable","No"
"Spain",2015,"Yes","Yes","PAP smear","Opportunistic screening","Don't know","Yes"
"Spain",2017,"Yes","Yes","PAP smear","Opportunistic screening","70 or more","Yes"
"Spain",2019,"Yes","Yes","HPV test","Organized population-based screening","more than 50 but less than 70","Yes"
"Sri Lanka",2015,"Yes","Yes","PAP smear","Organized population-based screening","10 to 50","No"
"Sri Lanka",2017,"Yes","Yes","PAP smear","Organized population-based screening","10 to 50","No"
"Sri Lanka",2019,"Yes","Yes","PAP smear","Organized population-based screening","more than 50 but less than 70","Yes"
"Sudan",2015,"No","No","Not applicable","Not applicable","Not applicable","No"
"Sudan",2017,"No","No","Not applicable","Not applicable","Not applicable","No"
"Sudan",2019,"No","No","Not applicable","Not applicable","Not applicable","No"
"Suriname",2015,"No","No","Not applicable","Not applicable","Not applicable","Yes"
"Suriname",2017,"No","Yes","Visual inspection","Opportunistic screening","10 to 50","Yes"
"Suriname",2019,"No","No","Not applicable","Not applicable","Not applicable","Yes"
"Sweden",2015,"Yes","Yes","PAP smear","Organized population-based screening","70 or more","Yes"
"Sweden",2017,"Yes","Yes","PAP smear","Organized population-based screening","70 or more","Yes"
"Sweden",2019,"Yes","Yes","PAP smear","Organized population-based screening","70 or more","Yes"
"Switzerland",2015,"Yes","Yes","PAP smear","Opportunistic screening","more than 50 but less than 70","Yes"
"Switzerland",2017,"Yes","Yes","PAP smear","Opportunistic screening","70 or more","Yes"
"Switzerland",2019,"Yes","Yes","PAP smear","Opportunistic screening","70 or more","Yes"
"Syrian Arab Republic",2015,"Yes","No","Not applicable","Not applicable","Not applicable","No"
"Syrian Arab Republic",2017,"Yes","Yes","PAP smear","Organized population-based screening","Don't know","No"
"Syrian Arab Republic",2019,"Yes","Yes","PAP smear","Organized population-based screening","Don't know","No"
"Tajikistan",2015,"Yes","Yes","Visual inspection","Opportunistic screening","10 to 50","No"
"Tajikistan",2017,"Yes","Yes","Visual inspection","Opportunistic screening","10 to 50","No"
"Tajikistan",2019,"No","No","Not applicable","Not applicable","Not applicable","No"
"Thailand",2015,"Yes","No","Not applicable","Not applicable","Not applicable","No"
"Thailand",2017,"Yes","Yes","PAP smear","Organized population-based screening","more than 50 but less than 70","Yes"
"Thailand",2019,"Yes","Yes","PAP smear","Organized population-based screening","more than 50 but less than 70","Yes"
"Timor-Leste",2015,"Yes","Yes","No response","No response","No response","Don't know"
"Timor-Leste",2017,"Yes","Yes","PAP smear","Organized population-based screening","Less than 10","No"
"Timor-Leste",2019,"Yes","Yes","Visual inspection","Opportunistic screening","Less than 10","No"
"Togo",2015,"Yes","Yes","Visual inspection","Organized population-based screening","Less than 10","No"
"Togo",2017,"No","No","Not applicable","Not applicable","Not applicable","Yes"
"Togo",2019,"No","No","Not applicable","Not applicable","Not applicable","No"
"Tonga",2015,"Yes","No","Not applicable","Not applicable","Not applicable","No"
"Tonga",2017,"No","No","Not applicable","Not applicable","Not applicable","No"
"Tonga",2019,"Yes","Yes","PAP smear","Opportunistic screening","Less than 10","No"
"Trinidad and Tobago",2015,"No","Yes","PAP smear","Organized population-based screening","10 to 50","Yes"
"Trinidad and Tobago",2017,"Yes","Yes","PAP smear","Organized population-based screening","10 to 50","Yes"
"Trinidad and Tobago",2019,"Don't know","Yes","PAP smear","Organized population-based screening","10 to 50","Yes"
"Tunisia",2015,"No response","No response","No response","No response","No response","No response"
"Tunisia",2017,"Yes","Yes","PAP smear","Opportunistic screening","10 to 50","No"
"Tunisia",2019,"Yes","Yes","PAP smear","Organized population-based screening","10 to 50","No"
"Turkey",2015,"Yes","Yes","HPV test","Organized population-based screening","more than 50 but less than 70","No"
"Turkey",2017,"Yes","Yes","HPV test","Organized population-based screening","70 or more","No"
"Turkey",2019,"Yes","Yes","HPV test","Organized population-based screening","70 or more","No"
"Turkmenistan",2015,"Yes","Yes","PAP smear","Organized population-based screening","70 or more","No"
"Turkmenistan",2017,"Yes","Yes","Visual inspection","Organized population-based screening","70 or more","Yes"
"Turkmenistan",2019,"Yes","Yes","Visual inspection","Opportunistic screening","more than 50 but less than 70","Yes"
"Tuvalu",2015,"No","Yes","PAP smear","Organized population-based screening","10 to 50","No"
"Tuvalu",2017,"No","Yes","PAP smear","Organized population-based screening","10 to 50","No"
"Tuvalu",2019,"No","Yes","PAP smear","Opportunistic screening","10 to 50","No"
"Uganda",2015,"Yes","Yes","Visual inspection","Opportunistic screening","Less than 10","Yes"
"Uganda",2017,"Yes","Yes","Visual inspection","Opportunistic screening","10 to 50","Yes"
"Uganda",2019,"No","No","Not applicable","Not applicable","Not applicable","Yes"
"Ukraine",2015,"Yes","Yes","PAP smear","Organized population-based screening","Less than 10","No"
"Ukraine",2017,"Yes","Yes","PAP smear","Organized population-based screening","Less than 10","No"
"Ukraine",2019,"Yes","Yes","PAP smear","Opportunistic screening","Less than 10","No"
"United Arab Emirates",2015,"Yes","Yes","PAP smear","Opportunistic screening","10 to 50","Yes"
"United Arab Emirates",2017,"Yes","Yes","PAP smear","Organized population-based screening","Less than 10","Yes"
"United Arab Emirates",2019,"Yes","Yes","PAP smear","Opportunistic screening","Less than 10","Yes"
"United Kingdom of Great Britain and Northern Ireland",2015,"Yes","Yes","PAP smear","Organized population-based screening","70 or more","Yes"
"United Kingdom of Great Britain and Northern Ireland",2017,"Yes","Yes","No response","No response","No response","Don't know"
"United Kingdom of Great Britain and Northern Ireland",2019,"Yes","Yes","PAP smear","Organized population-based screening","70 or more","Yes"
"United Republic of Tanzania",2015,"No data received","No data received","No data received","No data received","No data received","No data received"
"United Republic of Tanzania",2017,"No","No","Not applicable","Not applicable","Not applicable","No"
"United Republic of Tanzania",2019,"No","No","Not applicable","Not applicable","Not applicable","Yes"
"United States of America",2015,"Yes","Yes","PAP smear","Opportunistic screening","70 or more","Yes"
"United States of America",2017,"Yes","Yes","PAP smear","Opportunistic screening","Less than 10","Yes"
"United States of America",2019,"Yes","Yes","PAP smear","Opportunistic screening","Less than 10","Yes"
"Uruguay",2015,"Yes","Yes","PAP smear","Opportunistic screening","10 to 50","Yes"
"Uruguay",2017,"Yes","Yes","PAP smear","Organized population-based screening","70 or more","Yes"
"Uruguay",2019,"Yes","Yes","PAP smear","Organized population-based screening","70 or more","Yes"
"Uzbekistan",2015,"Yes","Yes","PAP smear","Opportunistic screening","Don't know","No"
"Uzbekistan",2017,"Yes","Yes","PAP smear","Organized population-based screening","No response","No"
"Uzbekistan",2019,"No","No","Not applicable","Not applicable","Not applicable","No"
"Vanuatu",2015,"No","Yes","PAP smear","Opportunistic screening","10 to 50","Yes"
"Vanuatu",2017,"No","Yes","PAP smear","Opportunistic screening","10 to 50","Yes"
"Vanuatu",2019,"Yes","Yes","PAP smear","Opportunistic screening","10 to 50","Yes"
"Venezuela (Bolivarian Republic of)",2015,"No data received","No data received","No data received","No data received","No data received","No data received"
"Venezuela (Bolivarian Republic of)",2017,"Yes","Yes","PAP smear","Organized population-based screening","more than 50 but less than 70","No"
"Venezuela (Bolivarian Republic of)",2019,"Yes","Yes","PAP smear","Organized population-based screening","10 to 50","No"
"Viet Nam",2015,"Yes","Yes","PAP smear","Organized population-based screening","Less than 10","No"
"Viet Nam",2017,"Yes","Yes","PAP smear","Organized population-based screening","10 to 50","No"
"Viet Nam",2019,"Yes","Yes","PAP smear","Organized population-based screening","10 to 50","No"
"Yemen",2015,"Yes","No","Not applicable","Not applicable","Not applicable","No"
"Yemen",2017,"No","No","Not applicable","Not applicable","Not applicable","No"
"Yemen",2019,"No","No","Not applicable","Not applicable","Not applicable","No"
"Zambia",2015,"Yes","Yes","Visual inspection","Organized population-based screening","more than 50 but less than 70","Yes"
"Zambia",2017,"Yes","Yes","Visual inspection","Organized population-based screening","more than 50 but less than 70","Yes"
"Zambia",2019,"No","No","Not applicable","Not applicable","Not applicable","Yes"
"Zimbabwe",2015,"Yes","Yes","Visual inspection","Organized population-based screening","10 to 50","Yes"
"Zimbabwe",2017,"No","Yes","PAP smear","Don't know","10 to 50","No"
"Zimbabwe",2019,"No","No","Not applicable","Not applicable","Not applicable","Yes"
